{
    "name": "Click_prediction_small",
    "description": "This is the same data as version 5 (OpenML ID = 1220) with '_id' features coded as nominal factor variables.",
    "target_col": "click",
    "metadata": {
        "NumberOfClasses": 2.0,
        "NumberOfFeatures": 12.0,
        "NumberOfInstances": 39948.0,
        "NumberOfInstancesWithMissingValues": 0.0,
        "NumberOfMissingValues": 0.0,
        "NumberOfNumericFeatures": 5.0,
        "NumberOfSymbolicFeatures": 7.0,
        "AutoCorrelation": 0.7170250582021178,
        "Dimensionality": 0.00030039050765995795,
        "MajorityClassPercentage": 83.15810553719835,
        "MajorityClassSize": 33220.0,
        "MinorityClassPercentage": 16.841894462801644,
        "MinorityClassSize": 6728.0,
        "NumberOfBinaryFeatures": 1.0,
        "PercentageOfBinaryFeatures": 8.333333333333332,
        "PercentageOfInstancesWithMissingValues": 0.0,
        "PercentageOfMissingValues": 0.0,
        "PercentageOfNumericFeatures": 41.66666666666667,
        "PercentageOfSymbolicFeatures": 58.333333333333336
    },
    "df_head": " click  impression     url_hash    ad_id  advertiser_id  depth  position  query_id  keyword_id  title_id  description_id  user_id\n     0         1.0 1.071003e+19  8343295          11700      3         3 7702266.0       21264     27892            1559        0\n     1         1.0 1.736385e+19 20017077          23798      1         1   93079.0       35498         4           36476   562934\n     0         1.0 8.915473e+18 21348354          36654      1         1   10981.0       19975     36105           33292 11621116\n     0         1.0 4.426693e+18 20366086          33280      3         3       0.0        5942      4057            4390  8778348\n     0         1.0 1.157260e+19  6803526          10790      2         1 9881978.0       60593     25242            1679 12118311"
}